Date,Title,Author,Price
1/1/2011,The No. 1 Ladies’ Detective Agency,Alexander McCall Smith,0.75
1/1/2011,The Deptford Trilogy,Robertson Davies,4.85
1/1/2011,Grand Central Winter,Caverly Stringer,0.75
1/1/2011,The Good Earth,Pearl S. Buck,0.75
1/2/2011,Mrs. Dalloway,Virginia Woolf,1.22
1/2/2011,The Little Friend,Donna Tartt,0.89
1/2/2011,England England,Julian Barnes,1.99
1/2/2011,Infidel,Ayaan Hirsi Ali,4.25
1/3/2011,1421,Gavin Menzies,1.39
1/3/2011,The Cracker Factory,Joyce Rebeta-Burditt,0.75
1/3/2011,Olive Kitteridge,Elizabeth Strout,3.19
1/3/2011,Girls’ Poker Night,Jill Davis,0.99
1/3/2011,The Memory Keeper's Daughter,Kim Edwards,0.75
1/3/2011,The Bean Trees,Barbara Kingsolver,0.75
1/3/2011,Until I Find You,John Irving,1.49
1/3/2011,The Gathering,Anne Enright,0.75
1/3/2011,Anatomy of A Jury,Seymour Wishman,0.95
1/3/2011,Desert Blood,Alicia Gaspar De Alba,5.99
1/4/2011,Runaway,Alice Munro,1.74
1/4/2011,The Origin of Species,Charles Darwin,3.4
1/4/2011,Iliad,Homer,7.99
1/4/2011,One for the Money,Janet Evanovich,0.75
1/4/2011,Loving Che,None,0.75
1/4/2011,Sula,Toni Morrison,1.89
1/4/2011,Pandora,Anne Rice,1.15
1/5/2011,How to Sleep Alone in a King-sized Bed,Theo Pauline Nestor,0.75
1/5/2011,What the Dead Know,Laura Lippman,2.95
1/5/2011,Legends of the Fall,Jim Harrison,0.75
1/5/2011,Babyville,Jane Green,0.75
1/5/2011,Smart Women Finish Rich,David Bach,2.14
1/6/2011,Wild at Heart,John Eldredge,1.15
1/6/2011,A Very Long Engagement,Linda Coverdale,0.75
1/6/2011,The Nature of Water and Air,Regina McBride,0.75
1/6/2011,The Thirteenth Tale,Diane Setterfield,0.95
1/6/2011,This I Believe,Jay Allison,2.49
1/6/2011,American Skin,Don De Grazia,0.75
1/6/2011,Oedipus the King,Sophocles,0.75
1/6/2011,The Plot Against America,Philip Roth,0.75
1/6/2011,Amy and Isabelle,Elizabeth Strout,1.95
1/7/2011,Three Cups of Tea,David Oliver Relin,1.74
1/7/2011,Foot Soldier,Roscoe Blunt,0.75
1/7/2011,A Civil Action,Jonathan Harr,3.99
1/7/2011,The Green Mile,Stephen King,0.93
1/7/2011,The Keep,Jennifer Egan,2.74
1/8/2011,Final Justice,Fern Michaels,0.75
1/8/2011,Their Eyes were Watching God,Zora Neale Hurston,0.97
1/8/2011,You Just Don’t Understand,Deborah Tannen,4.99
1/8/2011,Horton Hears A Who,Dr. Seuss,4.49
1/8/2011,Horton Hatches the Egg,Dr. Seuss,3.95
1/8/2011,Tis,Frank McCourt,0.75
1/8/2011,Red Dragon,Thomas Harris,0.98
1/8/2011,You Just Don’t Understand,Deborah Tannen,0.75
1/8/2011,The Giver,Lois Lowry,0.82
1/8/2011,Lord Wraybourne’s Betrothed,Jo Beverley,0.75
1/8/2011,The 7 Habits of Highly Effective People,Stephen R. Covey,4.65
1/8/2011,Under the Banner of Heaven,Jon Krakauer,1.59
1/8/2011,While I Was Gone,Sue Miller,0.75
1/8/2011,Creating Affluence,Deepak Chopra,1.03
1/8/2011,Mrs. Frisby and the Rats of Nimh,Robert C. O’Brien,0.75
1/8/2011,Strings Hands Shadows,John Bell,9.99
1/8/2011,Functions Modeling Change,Textbook,0.75
1/8/2011,This So-Called Disaster,DVD,0.75
1/8/2011,The Measure of a man,Sidney Poitier,0.75
1/8/2011,Novelties and Souvenirs,John Crowley,1.03
1/8/2011,The Narnian,Alan Jacobs,1.05
1/8/2011,Leadership Secrets of Attila the Hun,Wess Roberts,0.97
1/8/2011,The Devil in the White City,Erik Larson,1.05
1/9/2011,7th Heaven,James Patterson,0.75
1/9/2011,Thread of Grace,Mary Doria Russell,0.75
1/9/2011,The Lovely Bones,ALice Sebold,1.49
1/9/2011,Trainspotting,Irvine Welsh,4.99
1/9/2011,Secrets & Sunsets,Nora Roberts,0.75
1/10/2011,Evolution,Stephen Baxter,2.99
1/10/2011,The Tragedy of Hamlet Prince of Denmark,Shakespeare,1.99
1/10/2011,The Complete Tales and Poems of Winnie-the-Pooh,A.A. Milne,15.99
1/10/2011,What I wish I’d known before I got Married,Many,0.99
1/10/2011,Atonement,Ian McEwan,0.75
1/10/2011,MacBeth,Shakespeare,0.75
1/10/2011,Madame Bovary,Gustavo Flaubert,0.99
1/10/2011,North American Auto Unions In Crisis,Many,7.49
1/10/2011,Dreamcatcher,Stephen King,0.75
1/10/2011,Don’t Sweat the Small Stuff for Teens,Richard Carlson,1.59
1/10/2011,Don’t Sweat the Small Stuff And It’s All Small Stuff,None,1.95
1/10/2011,Message In A Bottle,Nicholas Sparks,0.75
1/10/2011,Tough Choices,Carly Fiorina,2.99
1/10/2011,Tuesdays with Morrie,Mitch Albom,2.44
1/10/2011,Ethics with Infotrac,Barbara MacKinnon,2.45
1/11/2011,The Sinister Pig,Tony Hillerman,0.89
1/11/2011,Your Blues Ain’t Like Mine,Bebe Moore Campbell,0.75
1/11/2011,Fahrenheit 451,Ray Bradbury,3.19
1/11/2011,American Jezebel,Eve Laplante,3.99
1/11/2011,Tuesdays with Morrie,Mitch Albom,2.59
1/11/2011,Shepherds Abiding,Jan Karon,1.99
1/11/2011,Nine Parts of Desire,Geraldine Brooks,1.49
1/11/2011,The Catcher in the Rye,J.D. Salinger,1.03
1/11/2011,Girl Interrupted,Susanna Kaysen,3.43
1/11/2011,How I Play Golf,Tiger Woods,4.69
1/11/2011,The March Up,Bing West,2.99
1/11/2011,Student Activities Manual for Impresiones,Textbook,1.75
1/11/2011,The Rescue,Nicholas Sparks,5.35
1/11/2011,Iliad,Homer,5.85
1/11/2011,THe Girl Who Loved Tom Gordon,Stephen King,0.79
1/12/2011,Absurdistan,Gary Shteyngart,3.99
1/12/2011,Genograms in Family Assessment,Monica McGoldrick,0.75
1/12/2011,Civil Warrior,Dan Zegart,4.99
1/12/2011,The God of Animals,Aryn Kyle,0.75
1/13/2011,7 Habits of Highly Effective People,Stephen R. Covey,4.99
1/13/2011,Points of View,James Moffett,4.99
1/13/2011,The Road Ahead,Bill Gates,0.98
1/13/2011,Smiles to Go,Jerry Spinelli,1.99
1/13/2011,The Dream of Scipio,Iain Pears,1.95
1/13/2011,The 7 Habits of Highly Effective People,Stephen R. Covey,3.89
1/13/2011,A New Song,Jan Karon,1.59
1/13/2011,A Gathering of old men,Ernest J. Gaines,2.49
1/13/2011,The five People You Meet in Heaven,Mitch Albom,0.75
1/14/2011,Dinosaur in A Haystack,Stephen Jay Gould,1.89
1/14/2011,Mystic River,Dennis Lehane,0.97
1/14/2011,What your doctor may not tell you about menopause,Many,0.99
1/14/2011,Curious George,H.A. Rey,0.99
1/14/2011,Vampire Mountain,Darren Shan,4.99
1/14/2011,My Sister’s Keeper,None,2.99
1/14/2011,Teacher Man,Frank McCourt,1.89
1/14/2011,The Age of Innocence,None,1.39
1/15/2011,E.T.,VHS,0.75
1/15/2011,The House of Scorpion,Nancy Farmer,3.49
1/15/2011,Every Woman’s Battle,Shannon Ethridge,0.85
1/15/2011,Fight Club,Chuck Palahniuk,7.99
1/15/2011,Harry Potter and the Sorcerer’s Stone,J.K. Rowling,2.44
1/15/2011,I am Charlotte Simmons,Tom Wolfe,1.69
1/16/2011,Baumgartners Bombay,Anita Desai,1.08
1/16/2011,Fever 1793,Laurie Halse Anderson,2.99
1/16/2011,The Five People You Meet in Heaven,Mitch Albom,1.65
1/16/2011,Inside The Kingdom,Carmen Bin Ladin,0.75
1/16/2011,Does My head look big in this,Randa Abdel-Fattah,3.49
1/16/2011,These High Green Hills,Jan Karon,0.98
1/16/2011,I Kissed Dating Goodbye,Joshua Harris,1.45
1/16/2011,Revenge of the Wannabes,Lisi Harrison,0.82
1/16/2011,Savage Inequalities,Jonathan Kozol,2.99
1/17/2011,Reviving Ophelia,Mary Bray Pipher,1.48
1/17/2011,Murder in the Cathedral,T.S. Eliot,1.97
1/17/2011,When Hitler Stole Pink Rabbit,Judith Kerr,1.49
1/17/2011,MacBeth,Shakespeare,0.99
1/17/2011,Into Thin Air,Jon Krakauer,0.75
1/17/2011,The Kid Who Only Hit Homers,Matt Christopher,0.98
1/17/2011,Lush Life,Richard Price,0.75
1/17/2011,Rich Dad’s Guide to Investing,Sharon L. Lechter,4.49
1/17/2011,Black and Blue,Anna Quindlen,0.75
1/18/2011,Reviving Ophelia,Mary Bray Pipher,1.49
1/18/2011,Rocket Boys,Homer Hickam,9.49
1/18/2011,Por que los hombres aman a las cabronas,Sherry Argov,22.99
1/18/2011,Reviving Ophelia,Mary Bray Pipher,1.49
1/18/2011,That Takes Ovaries!,None,1.49
1/18/2011,Intellectual Foundations of China,Frederick W. Mote,1.59
1/18/2011,Rattlebone,Maxine Clair,0.89
1/18/2011,Communicating in Professional Contexts with Infotrac,Textbook,0.75
1/18/2011,Regulating the Poor,None,6.85
1/18/2011,The Ring of McAllister,Inc Kaplan,0.99
1/18/2011,Gilead,Marilynne Robinson,3.99
1/18/2011,The Smell of Apples,Mark Behr,0.94
1/18/2011,The Soloist,Steve Lopez,0.75
1/19/2011,Dune Messiah,Frank Herbert,2.19
1/19/2011,A Few Good Eggs,Julie Vargo,0.75
1/19/2011,Dr. Atkins New Diet Revolution,Robert C. Atkins ,0.75
1/19/2011,Million Little Pieces,James Frey,0.99
1/19/2011,Ender’s Shadow,Orson Scott Card,0.99
1/19/2011,Perv,Jerry Stahl,1.03
1/19/2011,Winnie-the-Pooh,A.A. Milne,3.39
1/19/2011,The Return Journey,Maeve Binchy,0.75
1/19/2011,The Inferno,Alighieri Dante,0.75
1/20/2011,Solve Your Child’s Sleep Problems,Richard Ferber,0.99
1/20/2011,Helen of Troy,Margaret George,0.99
1/20/2011,The Bean Trees,Barbara Kingsolver,2.49
1/20/2011,Tender at the Bone,Ruth Reichl,0.75
1/20/2011,Working with Emotional Intelligence,Daniel Goleman,4.99
1/20/2011,The Double Bind,Chris Bohjalian,1.03
1/20/2011,How to Speak Dog,Stanely Coren,3.49
1/21/2011,Peony in Love,Lisa See,1.89
1/21/2011,Legacy of Lies / Don’t Tell,Elizabeth Chandler,4.2
1/21/2011,The Road to Dune,Brian Herbert,0.75
1/21/2011,Big Stone Gap,Adriana Trigiani,0.75
1/21/2011,The Art Thief,Noah Charney,1.29
1/21/2011,Night,Elie Wiesel,4.49
1/22/2011,The Likeness,Tana French,5.49
1/22/2011,At Home in Mitford,Jan Karon,1.49
1/22/2011,Harry Potter and the Sorcerer’s Stone,J.K. Rowling,2.99
1/22/2011,Alexander,Valerio Manfredi,0.75
1/22/2011,The Deming Management Method,Mary Walton,2.99
1/22/2011,Terry,George McGovern,0.75
1/23/2011,Successful Manager’s Handbook,Brian L. Davis,5.99
1/23/2011,Forever,Pete Hamill,4.69
1/23/2011,Munich Signature,Bodie Thoene,1.99
1/23/2011,Dune,Frank Herbert,0.75
1/23/2011,Relationship Rescue,Dr. Phil,0.88
1/23/2011,Affliction,Russell Banks,0.88
1/23/2011,The Vanishing Act of Esme Lennox,Maggie O’Farrell,0.75
1/23/2011,The Element of Style,E.B. White,1.59
1/23/2011,The Notebook,Nicholas Sparks,1.69
1/23/2011,I am Madame X,Gioia Diliberto,0.75
1/23/2011,You Just Don’t Understand,Deborah Tannen,0.75
1/23/2011,Men At Arms,Terry Pratchett,2.72
1/24/2011,Crime Beat,Michael Connelly,0.82
1/24/2011,Compass of the Soul,Lynn A. Robinson,9.99
1/24/2011,A Thousand Splendid Suns,Khalid Husseni,1.69
1/24/2011,Angela’s Ashes,,0.75
1/24/2011,The Stone Diaries,Carol Shields,0.75
1/24/2011,Man Named Dave,David Palzer,0.91
1/24/2011,The Blind Watchmaker,Richard Dawkins,2.95
1/24/2011,The Guardian,Nicholas Sparks,0.99
1/24/2011,A Clearing in the Distance,Witold Rybczynski,0.89
1/24/2011,Tarzan of the Apes,Edgar Rice Burroughs,2.35
1/24/2011,The Martian Chronicles,Ray Bradbury,0.99
1/24/2011,Ellen Foster,,1.03
1/24/2011,Amazing Grace,Kathleen Norris,2.12
1/24/2011,Selected Stories Robert Walser,Robert Walser,5.99
1/25/2011,The 7 Habits of Highly Effective Teens,,2.49
1/25/2011,Beloved,Toni Morrison,0.93
1/25/2011,The Aims of Argument,Carolyn E. Channell,0.75
1/25/2011,Social Work,Textbook,3.99
1/25/2011,The Partner,John Grisham,0.75
1/25/2011,Gilead,Marilynne Robinson,2.99
1/25/2011,Medical-Surgical Nursing,Textbook,0.75
1/26/2011,Marked,Kristin Cast,1.69
1/26/2011,And to think that I Saw it on Mulberry Street,Dr. Seuss,7.49
1/26/2011,Bastard Out of Carolina,Dorothy Allison,2.99
1/26/2011,The Day of the Locust,Nathanael West,1.03
1/26/2011,Beloved,Toni Morrison,2.74
1/26/2011,In Search of Eden,Linda Nichols,0.75
1/26/2011,A THousand Splendid Suns,Khalid Husseni,1.69
1/26/2011,Drinking,Caroline Knapp,8.99
1/27/2011,The Missing Piece,Shel Silverstein,6.49
1/27/2011,Emotional Intelligence,Daniel Goleman,1.49
1/27/2011,The Wedding,Nicholas Sparks,3.45
1/27/2011,Blue Dahlia,,0.79
1/27/2011,The Bridges of Madison County,Robert James Waller,1.79
1/27/2011,Aztec,Gary Jennings,3.49
1/27/2011,Silence of the Lambs,Thomas Harris,2.49
1/27/2011,The SOng of the Lark,Willa Cather,0.99
1/27/2011,Drop SHot,Harlan Coben,1.35
1/27/2011,The 7 Habits of Highly Effective People,Stephen R. Covey,0.75
1/28/2011,The Curious Incident of the Dog in the Night-TIme,Mark Haddon,1.15
1/28/2011,The Evolution of Jane,Cathleen Schine,0.75
1/28/2011,Don’t sweat the small stuff for women,Kristine Carlson,1.49
1/28/2011,Breaking the Code,Hilary Frankel,0.75
2/28/2011,Living with The Active Alert Child,Linda S. Budd,0.75
2/28/2011,Fearless Fourteen,Janet Evanovich,0.99
1/29/2011,Understanding Intelligent Design,Sean McDowell,8.49
1/29/2011,Accident,Danielle Steel,1.35
1/29/2011,The Brethren,,0.9
1/29/2011,The Potluck Club,Eva Marie Everson,1.49
1/29/2011,Pride and Prejudice,James Kinsley,1.24
1/30/2011,Certain Girls,Jennifer Weiner,3.24
1/30/2011,The Seven Churches Not in the Book of Revelation,Gene Mims,1.99
1/31/2011,Finger Lickin’ Fifteen,Janet Evanovich,2.35
1/31/2011,Ring,,3.99
1/31/2011,Back to the Future,VHS,0.75
1/31/2011,I know why the Caged Bird Sings,Maya Angelou,0.75
2/1/2011,Blackberry Wine,Joanne Harris,0.89
2/1/2011,Fatherland,Robert Harris,4.49
2/1/2011,Geometry The Easy Way,Lawrence S. Leff,1.39
2/1/2011,Million Little Pieces,James Frey,1.12
2/1/2011,Holocaust Testimonies,Lawrence L. Langer,4.95
2/2/2011,Three Junes,Julia Glass,0.75
2/2/2011,Girl WIth a Pearl Earring,Tracy Chevalier,0.98
2/2/2011,Pinckert’s Practical Grammar,Robert C. Pinckert,3.49
2/2/2011,Prep,Curtis Sittenfeld,0.75
2/2/2011,Milk in My Coffee,Eric Jerome Dickey,1.49
2/2/2011,Cop Without a Badge,Charles Kipps,3.95
2/2/2011,A Steadfast Surrender,Nancy Moser,0.99
2/2/2011,the eyes of the Dragon,Stephen King,1.24
2/3/2011,Annie Freeman’s Fabulous Traveling Funeral,Kris Radish,3.75
2/3/2011,The Oxford Illustrated History of The British Monarchy,Many,19.99
2/3/2011,Women’s Madness,Jane M. Ussher,3.49
2/3/2011,To the Nines,Janet Evanovich,1.64
2/3/2011,Ten Big ONes,Janet Evanovich,0.75
2/3/2011,Bright Star,John Keats,0.75
2/4/2011,The I Ching Workbook,Roger Green,1.03
2/4/2011,The 7 habits of Highly Effective People,Stephen R. Covey,3.09
2/4/2011,Chocolat,Joanne Harris,0.85
2/4/2011,Angela’s Ashes,,1.99
2/5/2011,The Dilbert Principle,Scott Adams,0.75
2/5/2011,Power vs. Force,David R. Hawkins,3.69
2/5/2011,The Daughter of Time,,1.49
2/6/2011,The Essay Connection,,0.75
2/6/2011,White Jacket,Herman Melville,4.99
2/6/2011,This Side of Heaven,Karen Kingsbury,3.29
2/7/2011,Prozac Nation,Elizabeth Wurtzel,3.49
2/7/2011,Pcos,Colette Harris,1.99
2/7/2011,Master and Commander,,1.95
2/7/2011,Pearl,Mary Gordon,0.75
2/7/2011,Winterdance,Gary Paulsen,2.99
2/7/2011,Self Matters,Dr. Phil,0.75
2/8/2011,Haiku Master Buson,Buson,8.99
2/8/2011,Fun With our Family,,2.05
2/8/2011,Bridge of Sighs,Richard Russo,2.39
2/8/2011,My Side of the Mountain,Jean Craighead Georg,0.99
2/8/2011,The Cloister Walk,Kathleen Norris,1.99
2/8/2011,Wild Ginger,Anchee Min,0.75
2/9/2011,Miss Julia Speaks Her Mind,,0.75
2/9/2011,Raising Cain,Daniel KJ. Kindlon,4.99
2/9/2011,The Queen’s Fool,,0.75
2/9/2011,Kafka’s Soup,Mark Crick,0.75
2/9/2011,The Cat in the Hat,Dr. Seuss,1.05
2/10/2011,Talking from 9 to 5,Deborah Tannen,3.19
2/10/2011,Artemis Fowl,,1.45
2/10/2011,Two of a Kind,Nora Roberts,1.94
2/10/2011,Green Eggs and Ham,Dr. Seuss,1.59
2/10/2011,Hop on Pop,Dr. Seuss,3.99
2/10/2011,An Unquiet Mind,,5.99
2/11/2011,Ladder of Years,Anne Tyler,0.75
2/11/2011,The Blind Side,,0.99
2/12/2011,The Middle Place,Kelly Corrigan,0.75
2/12/2011,Blind Alley,,0.89
2/13/2011,The Marriage Mender,Tom Whiteman,1.75
2/13/2011,Perspective Drawing,Kenneth W. Auvil,2.49
2/14/2011,Drop City,T.C. Boyle,0.75
2/14/2011,The Minotaur Takes a Cigarette Break,Steven Sherill,0.75
2/14/2011,Green Eggs and Ham,Dr. Seuss,1.55
2/14/2011,David Copperfield,Charles Dickens,1.65
2/15/2011,Dawn,V.C. Andrews,1.89
2/15/2011,I Been in sorrow’s Kitchen and licked out all the Pots,Susan Straight,0.75
2/15/2011,The Alzheimer’s Sourcebook for Caregivers,Frena Gray-Davidson,1.32
2/15/2011,Bridget Jones’s Diary,Helen Fielding,0.75
2/16/2011,The Bone Parade,Mark Nykanen,0.75
2/16/2011,Locked in Time,Lois Duncan,1.49
2/16/2011,The Saving Graces,Patricia Gaffney,1.38
2/17/2011,Boogers Are my Beat,Dave Barry,0.99
2/17/2011,The Cat in the Hat,Dr. Seuss,2.69
2/17/2011,Undaunted Courage,,8.49
2/17/2011,The Historian,Elizabeth Kostova,1.99
2/17/2011,The Girl at the Lion D’or,Sebastian Faulks,1.35
2/18/2011,Midwives,Chris Bohjalian,1.39
2/18/2011,Reviving Ophelia,Mary Bray Pipher,2.79
2/18/2011,The Shadow of the Wind,,3.89
2/19/2011,Black and Blue,Anna Quindlen,1.48
2/19/2011,The Wounded Heart,Dan B. Allender,5.49
2/20/2011,Back Spin,Harlan Coben,3.99
2/20/2011,Powerwalking,Steve Reeves,4.99
2/21/2011,Good In Bed,Jennifer Weiner,0.95
2/21/2011,At First Sight,Nicholas Sparks,2.59
2/21/2011,Rosshalde,Hermann Hesse,0.75
2/22/2011,What Every woman should know about divorce and custody,Gayle Rosenwald Smith,1.99
2/22/2011,Light in the Window,Jan Karon,0.99
2/22/2011,Mr. Was,Pete Hautman,1.03
2/22/2011,Don’t Sweat the Small Stuff at Work,,1.19
2/22/2011,Star Wars Episode 1,David West Reynolds,1.63
2/24/2011,The New New Thing,,0.98
2/24/2011,Vision In White,Nora Roberts,3.28
2/24/2011,I Kissed Dating Goodbye,Joshua Harris,1.49
2/25/2011,The Spellman Files,Lisa Lutz,2.49
2/25/2011,Plain Song,Kent Haruf,0.75
2/25/2011,Little Green Men,Christopher Buckley,1.03
2/25/2011,Eternal on the Water,Joseph Monninger,0.75
2/25/2011,The Poisonwood Bible,Barbara Kingsolver,1.23
2/26/2011,Trashing the Planet,Dixie Lee Ray,0.75
2/26/2011,The Color of Water,Jame McBride,0.97
2/26/2011,The Gun Seller,,2.95
2/26/2011,What Your First Grader Needs to Know,,4.99
2/26/2011,The Protector,Dee Henderson,0.98
2/27/2011,THe Gueen of the Big Time,,0.99
2/27/2011,Love Medicine,Louise Erdrich,0.75
2/27/2011,The Girl with No Shadow,Joanne Harris,1.99
2/28/2011,Science and Health with Key to the Scriptures,Mary Baker Eddy,0.75
2/28/2011,An Anthropologist on Mars,Oliver Sacks,6.49
2/28/2011,Rain,V.C. Andrews,0.95
2/28/2011,Mad About Us,Carrie Oliver,0.97
2/28/2011,50 Literacy Strategies,Gail E. Tompkins,14.99
2/28/2011,The Devil Wears Prada,Lauren Weisberger,0.75
3/1/2011,Bump in the Night,Nora Roberts,0.75
3/1/2011,Holding TIme,Martha Welch,0.75
3/1/2011,Leaving the World,Douglas Kennedy,0.75
3/1/2011,Assertive Discipline,,3.99
3/2/2011,The Dance of Change,Art Kleiner,8.89
3/2/2011,Mistress Anne,Carolly Erickson,2.99
3/2/2011,Two for the Dough,Janet Evanovich,1.53
3/2/2011,Boy meets Girl,Joshua Harris,0.99
3/2/2011,Bridget Jones’s Diary,Helen Fielding,0.75
3/3/2011,The Star Wars Trilogy,George Lucas,2.49
3/3/2011,Among the Barons,,0.75
3/4/2011,Sweetblood,Pete Hautman,3.95
3/4/2011,Goal,Eliyahu M. Goldratt,6.55
3/4/2011,Not all Tarts are apple,Pip Granger,0.87
3/4/2011,North River,Pete Hamill,1.49
3/5/2011,Taming Natasha and Luring a Lady,Nora Roberts,3.99
3/5/2011,The Wedding,Dorothy West,3.99
3/5/2011,Counseling and Life-span Development,Murray Thomas,29.99
3/5/2011,Charlotte’s Web,E.B. White,0.85
3/6/2011,Plum Lovin’,Janet Evanovich,0.75
3/7/2011,Warren Buffett Speaks,Janet Lowe,2.39
3/7/2011,Get out of my life but first could you drive me and cheryl to the mall?,Anthony E. Wolf,1.15
3/7/2011,Conservative Victory,Sean Hannity,1.45
3/8/2011,A Slant of Sun,Beth Kephart,1.32
3/8/2011,Reading lolita in Tehran,Azar Nafisi,0.75
3/8/2011,Swimming,Joanna Hershon,0.75
3/9/2011,Wild Seed,Octavia Butler,4.99
3/9/2011,Loving Frank,,2.49
3/9/2011,The Romanov Prophecy,Steve Berry,6.99
3/10/2011,One Fish Red Fish Blue Fish,Dr. Seuss,3.49
3/10/2011,Love Kills,Dan Greenburg,0.99
3/10/2011,Marley and Me,John Grogan,0.75
3/10/2011,From Phonics to Fluency,Nancy Padak,4.99
3/10/2011,Card Play Fundamentals,Easley Blackwood,0.75
3/11/2011,Ben-Hur,Lew Wallace,0.75
3/11/2011,From Baghdad with Love,Jay Kopelman,1.99
3/11/2011,Legal Tender,Lisa Scottoline,0.75
3/12/2011,The Kitchen Boy,Robert Alexander,1.74
3/12/2011,Book of Shadows,Cate Tiernan,0.99
3/13/2011,Out of the Shadows,Patrick Carnes,1.09
3/14/2011,We are all welcome here,Elizabeth Berg,1.49
3/14/2011,Peony in Love,Lisa See,0.75
3/14/2011,What Went Wrong?,Bernard Lewis,0.75
3/14/2011,A New Earth,Eckhart Tolle,1.89
3/14/2011,Charlotte Gray,Sebastian Faulks,0.75
3/14/2011,The Secret Life of Bees,,0.75
3/14/2011,What YOur doctor may not tell you about menopause,John R. Lee,1.49
3/14/2011,Headlong,Michael Frayn,1.09
3/15/2011,A Modern Method for Guitar,William Leavitt,1.65
3/15/2011,Eye of the Needle,,1.49
3/16/2011,Four Agreements Companion Book,Don Miguel Ruiz,2.99
3/16/2011,Full Blast,Janet Evanovich,0.75
3/16/2011,Fear Hall,R.L. Stine,0.75
3/17/2011,The Baby-Sitter 2,R.L. Stine,0.75
3/17/2011,Boundaries,Anne Katherine,0.75
3/17/2011,Multiple Intelligences in the Classroom,Thomas Armstrong,2.69
3/17/2011,Mrs. Dalloway,,1.94
3/18/2011,How the Irish Saved civilization,Thomas Cahill,2.49
3/19/2011,The Language of Threads,Gail Tsukiyama,0.75
3/19/2011,Mine All Mine,Adam Davies,0.75
3/19/2011,Bud Sweat and Tears,Alan Shipnuck,0.99
3/20/2011,The Magic Handbook,Peter Eldin,1.99
3/20/2011,Poker Wisdom of a Champion,Doyle Brunson,0.89
3/20/2011,The Psychologist as Detective,Randolph A. Smith,0.75
3/20/2011,Dead is the New Black,Marlene Perez,0.75
3/20/2011,Understanding Health Policy,Thomas S. Bodenheimer,0.99
3/20/2011,Brian’s Return,Gary Paulsen,2.35
3/21/2011,Carnal Innocence,Nora Roberts,1.85
3/21/2011,The Hours,Michael Cunningham,0.85
3/21/2011,Change Forces,Michael Fullan,4.95
3/21/2011,Your Perfectly Pampered Pregnancy,Colette Bouchez,0.99
3/22/2011,For one More Day,Mitch Albom,0.75
3/22/2011,School Sense,Tiffani Chin,2.69
3/22/2011,Harvest for Hope,Jane Goodall,2.95
3/22/2011,If I should Die before I wake,Han Nolan,0.75
3/22/2011,The Ghost of the Executed Engineer,Loren R. Graham,14.99
3/23/2011,Darwin’s Black Box,Michael J. Behe,1.74
3/23/2011,Literature from the Axis of Evil,,4.99
3/23/2011,The Age of Spiritual Machines,Ray Kurzweil,4.99
3/24/2011,Rich Dad’s Prophecy,Sharon L. Lechter,0.99
3/24/2011,Go Dog Go,Dr. Seuss,0.98
3/24/2011,Split,,1.49
3/24/2011,In the Time of the Butterflies,,0.75
3/24/2011,The Big bang theory - 2nd season,DVD Set,17.89
3/24/2011,OUt of Canaan,Jan Karon,1.19
3/24/2011,The Carnivorous Carnival,Lemony Snicket,0.99
3/24/2011,Trump,Donald Trump,2.99
3/24/2011,The Celestine Prophecy,James Redfield,1.24
3/25/2011,The Secret Lives of Bees,,1.69
3/25/2011,Define “Normal”,Julie Anne Peters,0.95
3/25/2011,The Other Boleyn Girl,,1.79
3/25/2011,One Fish Red Fish Blue Fish,Dr. Seuss,3.85
3/25/2011,Cirque Du Freak,,0.75
3/25/2011,The Last american man,Elizabeth Gilbert,3.99
3/25/2011,The Botany of Desire,Michael Pollen,4.99
3/26/2011,The Vagina Monologues,Eve Ensler,1.49
3/26/2011,City of Light,Lauren Belfer,1.89
3/27/2011,Lake Wobegon Days,Garrison Keillor,1.49
3/27/2011,Field Notes from a Catastrophe,Elizabeth Kolbert,1.95
3/27/2011,Organic Plant Protection,,2.15
3/28/2011,La Seduccion de las Palabras,Alex Garcia Grijelmo,34.99
3/28/2011,Under the Tuscan Sun,Frances Mayes,0.75
3/28/2011,The Pact,,1.49
3/28/2011,The Cat in the Hat,Dr. Seuss,1.25
3/28/2011,Nightwood,Djuna Barnes,0.75
3/28/2011,Telling Moments,,3.99
3/30/2011,Forbidden City,William Bell,1.45
3/30/2011,The Yiddish Policemen’s Union,,2.99
3/31/2011,My Old True Love,Sheila Kay Adams,4.99
3/31/2011,Where’s Waldo?,Martin Handford,1.05
4/1/2011,Eternity,Greg Bear,0.75
4/1/2011,The Curious Incident of the Dog in the Night-TIme,Mark Haddon,2.98
4/2/2011,Vampire Princess Miyu,Narumi Kakinouchi,1.99
4/2/2011,The Lovely Bones,Alice Sebold,0.98
4/2/2011,The Joy Luck Club,Amy Tan,0.99
4/3/2011,The Lovely Bones,Alice Sebold,1
4/4/2011,Notes from a Small Island,Bill Bryson,2.95
4/4/2011,Principles of Accounting,Textbook,1.99
4/5/2011,Bankruptcy of our Nation,Jerry Robinson,2.49
4/5/2011,Tell me where it hurts,Nick Trout,2.99
4/5/2011,Dante Club,Matthew Pearl,0.75
4/5/2011,The Atonement Child,Francine Rivers,4.99
4/5/2011,Espresso Tales,Alexander McCall Smith,0.75
4/5/2011,Tom Clancy’s Op-Center,Tom Clancy,0.75
4/5/2011,Tom Clancy’s Op-Center Balance of Power,Tom Clancy,0.75
4/5/2011,Tom Clancy’s Acts of War,Tom Clancy,0.75
4/5/2011,Tom Clancy’s Hidden Agendas,Tom Clancy,0.75
4/6/2011,Million Little Pieces,James Frey,1.18
4/6/2011,The Conquerors,Michael R. Beschloss,0.75
4/8/2011,A fraction of the whole ,Steve Toltz,2.99
4/8/2011,Invasion of the Boy Snatchers,Lisi Harrison,0.75
4/8/2011,The Validation Breakthrough,Naomi Feil,2.99
4/8/2011,The Feast of Love,Charles Baxter,1.99
4/8/2011,Through the Safety Net,Charles Baxter,0.99
4/8/2011,Seabiscuit,,0.75
4/9/2011,Cold Snap,Thom Jones,1.99
4/9/2011,You’re only old once,Dr. Seuss,5.99
4/10/2011,Amo Amas Amat and More,Eugene Ehrlich,3.94
4/12/2011,The Ladies Auxiliary,Tova Mirvis,0.75
4/13/2011,The Morning Sickness Companion,Elizabeth Kaledin,12.99
4/13/2011,Mao Zedong,Jonathan D. Spence,2.99
4/14/2011,Everything You Know is Wrong,,0.99
4/14/2011,The Orchid Thief,Susan Orlean,1.68
4/15/2011,At First Sight,Nicholas Sparks,1.99
4/15/2011,Dark Night of the Soul,Saint John of the Cross,4.89
4/16/2011,Jarhead,Anthony Swofford,1.03
4/16/2011,Hemingway Adventure,Michael Palin,2.39
4/16/2011,Flintlock,Jason Manning,0.75
4/16/2011,More Scary Stories to Tell in the Dark,Alvin Schwartz,1.14
4/16/2011,Reviving Ophelia,Mary Bray Pipher,0.84
4/16/2011,The Alchemist,,4.45
4/17/2011,Hurry Down Sunshine,Michael Greenberg,0.99
4/17/2011,Midnight Magic,Avi,0.75
4/17/2011,Mischief in Maggody,Joan Hess,0.75
4/17/2011,Flowers for Algernon,Daniel Keyes,0.75
4/18/2011,The Luck of the Irish,Christine Breen,3.99
4/18/2011,The Count of Monte Cristo,Alexandre Dumas,0.75
4/18/2011,Scorpia,Anthony Horowitz,1.99
4/19/2011,Black Rose,,1.48
4/19/2011,The Poisonwood Bible,Barbara Kingsolver,0.75
4/20/2011,Accidental Empires,Robert X. Cringely,0.75
4/20/2011,The Five People You Meet in Heaven,Mitch Albom,1.25
4/20/2011,Million Little Pieces,James Frey,0.98
4/20/2011,Strike Three!,Clair Bee,5.99
4/20/2011,Publication Manual of the American Psychological Association,,1.99
4/20/2011,Mother of Pearl,Melinda Haynes,0.75
4/20/2011,Middlesex,Jeffrey Eugenides,1.24
4/20/2011,Until I Find You,John Irving,1.25
4/21/2011,Letters from Rifka,Karen Hesse,0.75
4/21/2011,The Undertaking,Thomas Lynch,4.39
4/22/2011,Manzanar,Ansel Adams,4.99
4/22/2011,Cognitive Coaching,Arthur Costa,9.99
4/22/2011,Lost and Found: X-Men: Gamma Quest Book 1,Greg Cox,2.49
4/22/2011,Spider-Man,Craig Shaw Gardner,2.99
4/23/2011,Hold U Down,Keisha Ervin,12.89
4/23/2011,Holes,Louis Sachar,0.98
4/23/2011,The Five People You Meet in Heaven,Mitch Albom,1.29
4/25/2011,Songs for the Missing,Stewart O’Nan,0.75
4/25/2011,Disgrace ,J.M. Coetzee,2.29
4/26/2011,Built to Last,James C. Collins,1.19
4/26/2011,The Lovely Bones,Alice Sebold,0.99
4/26/2011,All the Lovely Bad Ones,Mary Downing Hahn,0.75
4/26/2011,Not a Chance,R.C. Sproul,4.79
4/26/2011,Chesapeake Blue,Nora Roberts,2.99
4/27/2011,Someone Like you,Sarah Dessen,1.34
4/27/2011,Family First,Dr. Phil,0.89
4/27/2011,The World is Flat,Thomas L. Friedman,2.29
4/27/2011,Native son,Richard Wright,0.75
4/27/2011,Tuesdays with Morrie,Mitch Albom,0.75
4/27/2011,What Looks like crazy on an ordinary day,Pearl Cleage,0.75
4/27/2011,The New Language of Toys,Joan E. Heller,0.75
4/27/2011,The Curious Incident of the Dog in the Night-TIme,Mark Haddon,0.99
4/27/2011,The Death of Common Sense,Philip K. Howard,0.75
4/27/2011,Boy meets Girl,Joshua Harris,4.99
4/27/2011,The Weight of Water,,0.99
4/28/2011,Marvin K. Mooney Will you please go now,Dr. Seuss,4.39
4/28/2011,Oh say can you say?,Dr. Seuss,3.65
4/28/2011,The Lovely Bones,Alice Sebold,0.97
4/28/2011,Vanishing Act,,0.75
4/28/2011,Complex Variables and Applications,Textbook,6.95
4/29/2011,The Alchemist,,1.99
4/29/2011,I know why the Caged Bird Sings,Maya Angelou,0.79
4/29/2011,The Piano shop on the left bank,Thaddeus Carhart,3.99
4/29/2011,The Girl who kicked the hornet’s nest,Stieg Larsson,9.79
4/30/2011,A drink before the war,Dennis Lehane,1.49
4/30/2011,The Power of One,Bryce Courenay,3.49
4/30/2011,The Tipping Point,,4.29
4/30/2011,The Chronicles of Narnia,C.S. Lewis,0.75
4/30/2011,The Voyage of the Dawn Treader,C.S. Lewis,0.75
4/30/2011,A Year by the Sea,Joan Anderson,0.75
4/30/2011,Surviving the Dragon,Arjia Rinpoche,3.99
5/1/2011,The Road,Cormac McCarthy,0.75
5/1/2011,Bella Tuscany,Frances Mayes,1.75
5/1/2011,Cities of The Plain,Cormac McCarthy,4.49
5/2/2011,Don’t Sweat the Small Stuff in Love,Kristine Carlson,0.75
5/2/2011,While I Was Gone,Sue Miller,0.79
5/2/2011,Life of Pi,,1.67
5/2/2011,The Shack,William P. Young,2.95
5/2/2011,Voices of Freedom,Eric Foner,1.43
5/2/2011,A Thousand Splendid Suns,Khalid Husseni,1.49
5/2/2011,Their Eyes were Watching God,Zora Neale Hurston,0.75
5/2/2011,Fictions,Joseph F. Trimmer,0.75
5/2/2011,Million Little Pieces,James Frey,0.94
5/3/2011,Firefly Lane,Kristin Hannah,3.89
5/3/2011,Thanks to My Mother,Schoschana Rabinovici,0.75
5/3/2011,My Life as a 10 Year old Boy,Nancy Cartwright,1.45
5/3/2011,Quanah Parker Comanche Chief,William T. Hagan,1.49
5/3/2011,He’s Just not that into you,Greg Behrendt,1.59
5/4/2011,Into Thin Air,Jon Krakauer,1.24
5/4/2011,The Anatomy of Buzz,Emanuel Rosen,2.39
5/4/2011,Dali,Kirsten Bradbury,1.49
5/4/2011,Every Man’s Battle,Fred Stoeker,0.75
5/4/2011,Give Me Liberty!,Eric Foner,0.99
5/4/2011,Love in the Time of Cholera,Gabriel Garcia Marquez,0.76
5/5/2011,Tuesdays with Morrie,Mitch Albom,1.39
5/5/2011,Jihad Vs. McWorld,Benjamin R. Barber,0.75
5/5/2011,Reading People,Jo-Ellan Dimitrius,0.95
5/5/2011,Running from the Law,Lisa Scottoline,1.23
5/5/2011,An Affair of the Mind,Laurie Hall,2.39
5/5/2011,The 7 Habits of Highly Effective People,Stephen R. Covey,0.75
5/5/2011,Women with Attention Deficit Disorder,Sari Solden,1.03
5/5/2011,The Cat in the Hat,Dr. Seuss,0.99
5/6/2011,Sister Freaks,Rebecca St. James,0.75
5/6/2011,Mosaic of Thought,Susan Zimmermann,4.49
5/6/2011,The Godfather,Mario Puzo,0.89
5/7/2011,Amsterdam,Ian McEwan,0.75
5/7/2011,Leyla,Alev Lytle Croutier,0.75
5/7/2011,A Lesson before Dying,Ernest J. Gaines,0.75
5/7/2011,Playboy to Priest,Kenneth J. Roberts,0.75
5/8/2011,And this too shall pass,E. Lynn Harris,0.75
5/8/2011,The Crucible,Arthur Miller,0.75
5/8/2011,The Secret Life of Bees,,1.45
5/9/2011,Montessori Today,Paula Polk Lillard,3.99
5/9/2011,American Steel,Richard Preston,9.99
5/10/2011,The World is Flat,Thomas L. Friedman,0.75
5/10/2011,Dr. Atkins New Diet Revolution,Robert C. Atkins ,0.99
5/10/2011,Interpreter of Maladies,,0.95
5/10/2011,The Greatest Networker in the World,John Milton Fogg,1.03
5/11/2011,Like Water for Chocolate,Laura Esquivel,0.99
5/11/2011,Angela’s Ashes,Frank McCourt,0.75
5/11/2011,Love in the Time of Cholera,Gabriel Garcia Marquez,1.22
5/11/2011,One Hundred Years of Solitude,Gabriel Garcia Marquez,3.49
5/11/2011,Death of A salesman,Arthur Miller,3.14
5/11/2011,A Separate Peace,John Knowles,0.94
5/11/2011,Meridon,Philippa Gregory,0.99
5/11/2011,Correct Writing,Eugenia Butler,4.99
5/11/2011,Goethe’s Faust,,0.75
5/12/2011,My Persian Pilgrimage,William McElwee Miller,0.99
5/12/2011,The World’s Religions,Huston SMith,4.99
5/12/2011,Where the Girls are,Susan J. Douglas,0.87
5/12/2011,Critical,Robin Cook,0.75
5/12/2011,E=MC2,Einstein,3.49
5/12/2011,High Five,Janet Evanovich,6.99
5/12/2011,Timeline,Michael Crichton,0.75
5/12/2011,The Shack,William P. Young,2.59
5/13/2011,These High Green Hills,Jan Karon,0.75
5/13/2011,A New Earth,Eckhart Tolle,1.98
5/13/2011,The Geometer’s Sketchpad,,14.99
5/13/2011,Tuesdays with Morrie,Mitch Albom,1.49
5/13/2011,Lean Mean Thirteen,Janet Evanovich,0.75
5/13/2011,Ten Big ONes,Janet Evanovich,0.75
5/13/2011,Sailing the wine-dark sea,Thomas Cahill,0.99
5/14/2011,Holographic Universe,Michael Talbot,6.99
5/14/2011,The Associate,John Grisham,1.95
5/14/2011,The Elegant Universe,Brian Greene,7.49
5/14/2011,Piercing the Darkness,,0.75
5/14/2011,The Devil in the White City,Erik Larson,3.49
5/15/2011,90 Minutes in Heaven,Cecil Murphey,2.63
5/15/2011,The Stranger,,1.05
5/15/2011,Sizzling Sixteen,Janet Evanovich,3.14
5/15/2011,Mrs. Dalloway,,1.24
5/15/2011,Look Again,Lisa Scottoline,1.99
5/15/2011,Lolita,Vladimir Nabokov,4.99
5/15/2011,The Road Less Traveled,M. Scott Peck,0.75
5/16/2011,The Stranger,,2.98
5/16/2011,1984,,1.43
5/16/2011,The Road,Cormac McCarthy,1.72
5/16/2011,Bed of Roses,Nora Roberts,2.54
5/16/2011,Rich dad Poor Dad,Robert T. Kiyosaki,5.19
5/16/2011,The Voyage of the Dawn Treader,C.S. Lewis,0.75
5/16/2011,The Shipping News,E. Annie Proulx,0.75
5/16/2011,The Guernsey Literary and Potato Peel Pie Society,Annie Barrows,2.87
5/16/2011,Game Change,Mark Halperin,3.25
5/16/2011,The Beauty Myth,Naomi Wolf,1.93
5/17/2011,The Catcher in the Rye,J.D. Salinger,1.03
5/17/2011,Nights in Rodanthe,Nicholas Sparks,0.77
5/17/2011,Wife for Hire,Janet Evanovich,0.75
5/17/2011,Love Overboard,Janet Evanovich,1.89
5/17/2011,Foul Play,Janet Evanovich,1.24
5/17/2011,Thanksgiving,Janet Evanovich,0.98
5/17/2011,The Beach House,Jane Green,0.99
5/17/2011,Thunderstruck,Erik Larson,0.89
5/17/2011,A lesson before Dying,Ernest J. Gaines,1.98
5/17/2011,All over but the shoutin’,Rick Bragg,1.79
5/17/2011,The origin of Species,Charles Darwin,0.75
5/17/2011,Bright Shiny Morning,James Frey,1.32
5/17/2011,Slaughterhouse-Five,Kurt Vonnegut,2.28
5/17/2011,Catch-22,Joseph Heller,1.73
5/17/2011,Cold Mountain,Charles Frazier,0.75
5/17/2011,The Israelis,Donna Rosenthal,3.99
5/18/2011,Slaughterhouse-Five,Kurt Vonnegut,3.49
5/18/2011,Freakonomics,Stephen J. Dubner,5.98
5/18/2011,To Kill a Mockingbird,,0.99
5/18/2011,The Bluest Eye,Toni Morrison,0.95
5/18/2011,Ceremony,Leslie Marmon Silko,0.75
5/18/2011,The Wedding,Nicholas Sparks,0.75
5/18/2011,Women of the Silk,Gail Tsukiyama,4.99
5/18/2011,A river runs through it and other stories,,1.99
5/18/2011,Barbarians At the Gate,Bryan Burrough,1.89
5/19/2011,Crossing the Threshold of Hope,Pope John Paul II,3.99
5/19/2011,Don’t Sweat the Small Stuff...And It’s All Small Stuff,Richard Carlson,1.09
5/19/2011,While I Was Gone,Sue Miller,0.79
5/19/2011,At home in Mitford,Jan Karon,0.98
5/19/2011,Schoolgirls,Peggy Orenstein,2.99
5/19/2011,Breakfast at Tiffany’s,Truman Capote,5.69
5/19/2011,The Leadership Pipeline,James L. Noel,3.69
5/19/2011,The Knight,Steven James,0.97
5/19/2011,Blue Bloods,Melissa De La Cruz,0.84
5/19/2011,Don’t Sweat the Small Stuff about Money,,0.75
5/20/2011,Captain Alatriste,Arturo Perez-Reverte,0.99
5/20/2011,Integrating Kanban With MRPII,Raymond S. Louis,9.99
5/20/2011,The Heart of the Matter,Graham Greene,1.73
5/20/2011,A week in the zone,Barry Sears,1.69
5/20/2011,Reviving Ophelia,Mary Bray Pipher,0.75
5/20/2011,A Separate Peace,John Knowles,2.85
5/20/2011,Snow Flower and the Secret Fan,Lisa See,0.97
5/20/2011,The Zombie Survival Guide,Max Brooks,6.45
5/21/2011,Eat Pray Love,,1.98
5/21/2011,Running with Scissors,Augusten Burroughs,0.94
5/21/2011,High Five,Janet Evanovich,0.75
5/21/2011,Then we came to the end,Joshua Ferris,0.75
5/21/2011,Liberal Fascism,Jonah Goldberg,4.49
5/21/2011,The Five People You Meet in Heaven,Mitch Albom,1.31
5/21/2011,Loving Frank,Nancy Horan,1.23
5/21/2011,Into Thin Air,Jon Krakauer,1.24
5/22/2011,Dune,Frank Herbert,2.39
5/22/2011,The Charlemagne Pursuit,Steve Berry,1.15
5/22/2011,Life in the Iron-Mills,,2.99
5/22/2011,Lives of Girls and Women,Alice Munro,1.95
5/22/2011,Descartes’ Error,Antonio R. Damasio,1.05
5/22/2011,The Secret Life of Bees,,0.75
5/22/2011,Plum Lucky,Janet Evanovich,0.75
5/22/2011,Visions of Sugar Plums,Janet Evanovich,0.98
5/22/2011,Runaway,Alice Munro,0.95
5/22/2011,Contact ,Carl Sagan,4.99
5/22/2011,Steppenwolf,Hermann Hesse,2.49
5/22/2011,More Tales of the City,Armistead Maupin,3.94
5/22/2011,Finger Lickin’ Fifteen,Janet Evanovich,0.79
5/22/2011,Smitten,Janet Evanovich,0.75
5/22/2011,The Secret Life of Bees,,0.75
5/22/2011,Loving Frank,Nancy Horan,1.24
5/23/2011,Independence Day,Richard Ford,0.75
5/23/2011,Cat’s Cradle,Kurt Vonnegut,5.09
5/23/2011,The Curious Incident of the Dog in the Night-TIme,Mark Haddon,1.97
5/23/2011,The Outsiders,,3.45
5/23/2011,Rich Dad Poor Dad,Robert T. Kiyosaki,5.15
5/23/2011,Shadow Divers,Robert Kurson,0.75
5/24/2011,Rich Dad Poor Dad,Robert T. Kiyosaki,5.15
5/24/2011,Rich dad Poor Dad,Robert T. Kiyosaki,5.15
5/24/2011,Rich dad Poor Dad,Robert T. Kiyosaki,5.15
5/24/2011,The Great Train Robbery,Michael Crichton,1.28
5/24/2011,The Giver,Lois Lowry,1.49
5/24/2011,Pride and Prejudice,,4.49
5/24/2011,Mariette in Ecstasy,Ron Hansen,0.75
5/24/2011,Educating Esme,Esme Raji Codell,1
5/24/2011,Astronomy for every Kid,Janice Vancleave,1.99
5/24/2011,Rich dad Poor Dad,Robert T. Kiyosaki,1.24
5/24/2011,Reading In the Dark,,2.49
5/24/2011,The Very Hungry Caterpillar,Eric Carle,1.99
5/24/2011,Welcome to the Monkey House,Kurt Vonnegut,3.32
5/25/2011,Life of Pi,,0.75
5/25/2011,Out of Canaan,Jan Karon,0.75
5/25/2011,The Dante Club,Matthew Pearl,0.91
5/25/2011,Rich dad Poor Dad,Robert T. Kiyosaki,5.15
5/25/2011,The Blank Slate,Steven Pinker,3.95
5/25/2011,The five dysfunctions of a Team,Patrick M. Lencioni,5.19
5/25/2011,Handle with Care,Jodi Picoult,2.44
5/25/2011,Because of Winn-Dixie,Kate DiCamillo,0.75
5/25/2011,In our Defense,,4.09
5/25/2011,Petals on the Wind,,1.24
5/25/2011,One flew over the Cuckoo’s Nest,Ken Kesey,0.75
5/25/2011,Relationship Rescue,Dr. Phil,0.85
5/25/2011,When the Emperor was Divine,Julie Otsuka,1.92
5/25/2011,Eat Right for your Type,Catherine Whitney,7.25
5/25/2011,Life of Pi,,1.74
5/26/2011,Slaughterhouse-Five,Kurt Vonnegut,3.49
5/26/2011,Breakfast of Champions,Kurt Vonnegut,2.95
5/26/2011,The Quality School,William Glasser,1.12
5/27/2011,Teaching a Stone to Talk,Annie Dillard,3.33
5/27/2011,Cell,Stephen King,0.75
5/27/2011,Truth and Beauty,Ann Patchett,0.75
5/27/2011,A Christmas Carol,,0.75
5/27/2011,The Power of One,Bryce Courenay,0.75
5/27/2011,Holes,Louis Sachar,1.99
5/27/2011,Finger Lickin’ Fifteen,Janet Evanovich,0.91
5/27/2011,Asassins,,0.99
5/27/2011,Vision In White,Nora Roberts,0.99
5/27/2011,A Child Called it,Dave Pelzer,0.75
5/28/2011,When the Emperor was Divine,Julie Otsuka,1.93
5/28/2011,Hot Six,Janet Evanovich,0.99
5/28/2011,International Business,Jerry Han,4.99
5/28/2011,Isaac’s Storm,Erik Larson,3.49
5/28/2011,The Way to the West,,9.49
5/29/2011,First Things First,Stephen R. Covey,2.24
5/29/2011,Tarzan Lord of the Jungle,Edgar Rice Burroughs,8.99
5/29/2011,The Return of Tarzan,Edgar Rice Burroughs,2.73
5/29/2011,Jungle Tales of Tarzan,Edgar Rice Burroughs,4.99
5/29/2011,Tarzan and the Lion Man,Edgar Rice Burroughs,5.99
5/29/2011,Tarzan the Untamed,Edgar Rice Burroughs,4.99
5/29/2011,March,Geraldine Brooks,0.75
5/29/2011,Persian Mirrors,Elaine Sciolino,0.75
5/29/2011,Celestine Prophecy,James Redfield,1.49
5/30/2011,The Legend of Bagger Vance,Steven Pressfield,1.99
5/30/2011,Rich Dad’s Cashflow Quadrant,Robert T. Kiyosaki,1.99
5/30/2011,Jesus Interrupted,Bart D. Ehrman,4.99
5/30/2011,Life of Pi,,0.97
5/30/2011,Hatchet,Gary Paulsen,1.98
5/30/2011,Girl Interrupted,Susanna Kaysen,3.44
5/30/2011,The Jesuit Relations,,0.99
5/30/2011,Crucible,Arthur Miller,3.99
5/30/2011,The Wonderful Wizard of Oz,L. Frank Baum,1.79
5/30/2011,The Road Less Traveled,M. Scott Peck,0.89
5/30/2011,People of The Lie,M. Scott Peck,1.03
5/30/2011,The Great Gatsby,F. Scott Fitzgerald,1.95
5/30/2011,Magical Thinking,Augusten Burroughs,0.75
5/30/2011,We Were the Mulvaneys,,0.75
5/30/2011,Sister of My Heart,Chitra Banerjee Divakaruni,3.99
5/30/2011,The Catcher in the Rye,J.D. Salinger,3.37
5/30/2011,Say You’re one of them,Uwem Akpan,1.24
5/31/2011,The Sirens of Titan,Kurt Vonnegut,2.09
5/31/2011,Liberated Parents Liberated Children,Adele Faber,2.49
5/31/2011,A Single Shard,Linda Sue Park,1.03
5/31/2011,Silence of the Lambs,Thomas Harris,2.35
6/1/2011,The Great Shark Hunt,Hunter S. Thompson,5.99
6/1/2011,The Color of Water,James McBride,0.75
6/1/2011,Bailey’s Cafe,Gloria Naylor,2.99
6/1/2011,The God of Small Things,Arundhati Roy,0.75
6/1/2011,The Man who mistook his wife for a hat,Oliver Sacks,4.09
6/1/2011,All the Pretty Horses,Cormac McCarthy,3.09
6/1/2011,Money,Martin Amis,4.79
6/2/2011,The Book of Lies,Brad Meltzer,0.78
6/2/2011,A Child Called it,Dave Pelzer,2.19
6/2/2011,Network Participant’s Guide,Bruce Bugbee,0.75
6/2/2011,Vision In White,Nora Roberts,0.99
6/2/2011,A Hazard of New Fortunes,Phillip Lopate,2.45
6/2/2011,Kavik the Wolf Dog,Walt Morey,1.49
6/2/2011,The Celestine Prophecy,James Redfield,1.24
6/2/2011,Thursday Next in the Well of Lost Plots,Jasper Fforde,1.49
6/3/2011,Area 51,Bob Mayer,1.49
6/3/2011,How to do just about anything Money Saving A to Z guide,,0.75
6/3/2011,Breath Eyes Memory,Edwidge Danticat,1.97
6/3/2011,Robert Ludlum’s The Bourne Legacy,Eric Van Lustbader,1.79
6/3/2011,Savor the Moment,Nora Roberts,3.77
6/3/2011,Gilead,Marilynne Robinson,1.85
6/3/2011,Vietnam ,Stanely Karnow,0.98
6/3/2011,The witch of Blackbird pond,Elizabeth George Speare,1.25
6/4/2011,Sins of the Flesh,Fern Michaels,1.99
6/4/2011,Million Little Pieces,James Frey,0.75
6/5/2011,The Russian Debutante’s Handbook,Gary Shteyngart,3.99
6/5/2011,Eat Pray Love,,0.86
6/5/2011,Crash,Jerry Spinelli,1.83
6/5/2011,A Time to Kill,John Grisham,0.75
6/5/2011,Ellen Foster,,0.75
6/6/2011,The Murder of Tutankhamen,Bob Brier,3.99
6/6/2011,People of the Lie,M. Scott Peck,1.95
6/6/2011,The Beginning of Sorrows,Alan Morris,0.75
6/6/2011,Fine Balance,Rohinton Mistry,0.75
6/6/2011,Tangerine,Edward Bloor,0.75
6/6/2011,Long Time Coming,Sandra Brown,0.88
6/6/2011,The Hunt for Red October,TOm Clancy,1.12
6/6/2011,The Rescue,Nicholas Sparks,2.59
6/6/2011,Reviving Ophelia,Mary Bray Pipher,0.96
6/6/2011,The Kid Who Only Hit Homers,Matt Christopher,0.75
6/6/2011,The Crown Glory of Calla Lily Ponder,Rebecca Wells,0.75
6/6/2011,Billy Phelan’s Greatest Game,William Kennedy,0.75
6/6/2011,Mr. Maybe,Jane Green,0.98
6/6/2011,Loving Frank,Nancy Horan,0.75
6/6/2011,What Your Doctor may not tell you about premenopause,,2.35
6/7/2011,Network Participant’s Guide,Bruse Bugbee,0.75
6/7/2011,The 7 Habits of Highly Effective People,Stephen R. Covey,1.98
6/7/2011,1984,George Orwell,1.75
6/7/2011,Choke,Chuck Palahniuk,4.99
6/7/2011,Pictures of Hollis Woods,Patricia Reilly Giff,0.99
6/7/2011,Freakonomics,Stephen J. Dubner,5.98
6/7/2011,The Glass Castle,,1.49
6/7/2011,Seabiscuit,,0.75
6/7/2011,Leaving Las Vegas,John O’Brien,1.69
6/7/2011,The Manufactured Crisis,Bruce J. Biddle,0.95
6/7/2011,Goal,Eliyahu M. Goldratt,0.99
6/7/2011,The Three Theban Plays,Sophocles,4.75
6/7/2011,The Passion,Jeanette Winterson,2.69
6/7/2011,The COlor of Water,James McBride,0.79
6/7/2011,The Bitch,Jackie COllins,0.99
6/8/2011,Schooled,Gordon Korman,1.95
6/8/2011,The South Beach Diet Dining Guide,Arthur Agatston,0.95
6/8/2011,Eragon,,1.35
6/8/2011,A Child Called it,Dave Pelzer,2.14
6/8/2011,The Poisonwood Bible,Barbara Kingsolver,2.99
6/8/2011,When Students have power,Ira Shor,6.49
6/8/2011,Building Leadership Capacity in Schools,Linda Lambert,1.49
6/8/2011,Loving Frank,Nancy Horan,1.44
6/8/2011,The Heart of a Woman,Maya Angelou,0.75
6/8/2011,All the Pretty Horses,Cormac McCarthy,3.09
6/8/2011,The Color of Water,James McBride,2.69
6/9/2011,Soul Harvest,,0.85
6/9/2011,Our Town,Thornton Wilder,0.96
6/9/2011,A northern light,,1.24
6/9/2011,Feynman’s Rainbow,,9.99
6/9/2011,Love in the Time of Cholera,Gabriel Garcia Marquez,1.59
6/9/2011,Death in the Family,James Agee,1.99
6/9/2011,A Ring of Endless Light,Madeleine L’Engle,0.75
6/9/2011,Holes,Louis Sachar,0.75
6/9/2011,Black Hawk Down,Mark Bowden,1.24
6/9/2011,Cry The beloved Country,Alan Paton,2.89
6/9/2011,Sick Puppy,Carl Hiaasen,1.79
6/9/2011,Brave New World,Aldous Huxley,1.48
6/10/2011,The New Glucose Revolution,,0.94
6/10/2011,Eat Pray Love,,1.79
6/10/2011,The Shack,William P. Young,0.75
6/10/2011,How to be Good,Nick Hornby,0.75
6/10/2011,Roses are Red,James Patterson,1.24
6/10/2011,The Seven Spiritual Laws of Success,Deepak Chopra,0.75
6/10/2011,All the Pretty Horses,Cormac McCarthy,1.09
6/10/2011,Bel Canto,Ann Patchett,1.49
6/10/2011,The Way we never were,Stephanie Coontz,0.99
6/10/2011,Ellen Foster,,1.89
6/10/2011,A Gathering of old men,Ernest J. Gaines,2.99
6/10/2011,Song of Solomon,Toni Morrison,0.75
6/10/2011,The Woods,Harlan Coben,0.97
6/10/2011,Rich Dad’s Success Stories,Robert T. Kiyosaki,2.45
6/10/2011,The Notebook,Nicholas Sparks,1.65
6/11/2011,The Secret life of Bees,,1.44
6/11/2011,The ALchemist,,1.89
6/11/2011,The Phantom of the Opera,Gaston Leroux,1.93
6/11/2011,Barrel Fever,David Sedaris,0.75
6/11/2011,In the President’s Secret Service,Ronald Kessler,8.99
6/11/2011,The Big Book of team Building Games,,7.99
6/11/2011,The Guy not Taken,Jennifer Weiner,0.99
6/11/2011,On Death and Dying ,Elisabeth Kubler-Ross,4.99
6/11/2011,Fancies and Goodnights,John Collier,2.45
6/12/2011,The Cure,Jeff Cox,1.32
6/12/2011,Twilight,Stephanie Meyer,0.75
6/12/2011,Animals in Translation,Temple Grandin,1.52
6/12/2011,Please Understand Me,David Keirsey,0.98
6/12/2011,The Zone: A Dietary ROad Map,Barry Sears,2.09
6/12/2011,Talk Before Sleep,Elizabeth Berg,0.99
5/5/2011,Legends Lies and Cherished Myths of American History,Richard Shenkman,0.75
